{"cameraMode":{"drawMode":0,"name":"Shaded","section":"Shading Mode"},"sceneLighting":true,"audioPlay":false,"sceneViewState":{"showFog":true,"showMaterialUpdate":false,"showSkybox":true,"showFlares":true,"showImageEffects":true,"showParticleSystems":true},"in2DMode":false,"pivot":{"x":-14.800000190734864,"y":0.20000004768371583,"z":0.0},"rotation":{"x":0.16143523156642915,"y":-0.4669698178768158,"z":0.08714567124843598,"w":0.865033745765686},"size":46.93599319458008,"orthographic":true}