{"cameraMode":{"drawMode":0,"name":"Shaded","section":"Shading Mode"},"sceneLighting":true,"audioPlay":false,"sceneViewState":{"showFog":true,"showMaterialUpdate":false,"showSkybox":true,"showFlares":true,"showImageEffects":true,"showParticleSystems":true},"in2DMode":false,"pivot":{"x":86.46957397460938,"y":-3.418410301208496,"z":-2.2675108909606935},"rotation":{"x":-0.11601987481117249,"y":-0.7952290177345276,"z":0.16104435920715333,"w":-0.5729004740715027},"size":25.4311466217041,"orthographic":false}