{"cameraMode":{"drawMode":0,"name":"Shaded","section":"Shading Mode"},"sceneLighting":false,"audioPlay":false,"sceneViewState":{"showFog":true,"showMaterialUpdate":true,"showSkybox":true,"showFlares":true,"showImageEffects":true,"showParticleSystems":true},"in2DMode":false,"pivot":{"x":5.490762233734131,"y":0.9998065233230591,"z":-5.375640392303467},"rotation":{"x":0.05321104824542999,"y":0.5946046113967896,"z":-0.03948595002293587,"w":0.8012832403182983},"size":13.658838272094727,"orthographic":false}