{"cameraMode":{"drawMode":0,"name":"Shaded","section":"Shading Mode"},"sceneLighting":false,"audioPlay":false,"sceneViewState":{"showFog":true,"showMaterialUpdate":true,"showSkybox":true,"showFlares":true,"showImageEffects":true,"showParticleSystems":true},"in2DMode":false,"pivot":{"x":10.10748291015625,"y":0.9184737801551819,"z":-0.461620569229126},"rotation":{"x":0.0731724202632904,"y":0.23208968341350556,"z":-0.01751166395843029,"w":0.9697801470756531},"size":5.10755729675293,"orthographic":false}